{"cameraMode":{"drawMode":0,"name":"Shaded","section":"Shading Mode"},"sceneLighting":true,"audioPlay":false,"sceneViewState":{"showFog":true,"showMaterialUpdate":false,"showSkybox":true,"showFlares":true,"showImageEffects":true,"showParticleSystems":true},"in2DMode":false,"pivot":{"x":316.89404296875,"y":440.0674133300781,"z":-252.1533660888672},"rotation":{"x":0.24599605798721314,"y":0.03516826778650284,"z":-0.008932563476264477,"w":0.9685914516448975},"size":280.6875915527344,"orthographic":false}